Degree_ID,Degree_Payment_ID,Degree_Pay_IntakeID,Degree_Payment_AddByID,Degree_Payment_Year,Degree_Payment_Amount,Degree_Payment_TimeStamp,Degree_Payment_IsDeleted
1,926,16,1,1,800000.00,2018-12-05 10:33:04,0
1,927,16,1,2,800000.00,2018-12-05 10:33:04,0
1,928,16,1,3,800000.00,2018-12-05 10:35:24,0
1,929,16,1,4,800000.00,2018-12-05 10:35:24,0
5,930,16,1,1,800000.00,2018-12-05 10:37:57,0
5,931,16,1,2,800000.00,2018-12-05 10:37:57,0
5,932,16,1,3,800000.00,2018-12-05 10:39:01,0
5,933,16,1,4,800000.00,2018-12-05 10:39:01,0
6,934,16,1,1,1000000.00,2018-12-05 10:51:08,0
6,935,16,1,2,1000000.00,2018-12-05 10:51:08,0
6,936,16,1,3,1000000.00,2018-12-05 10:51:32,0
7,937,16,1,1,900000.00,2018-12-05 10:35:43,0
7,938,16,1,2,900000.00,2018-12-05 10:35:43,0
7,939,16,1,3,840000.00,2018-12-05 10:37:17,0
7,940,16,1,4,840000.00,2018-12-05 10:37:17,0
8,941,16,1,1,900000.00,2018-12-05 10:39:43,0
8,942,16,1,2,900000.00,2018-12-05 10:39:43,0
8,943,16,1,3,840000.00,2018-12-05 10:41:28,0
8,944,16,1,4,840000.00,2018-12-05 10:41:28,0
9,945,16,1,1,1100000.00,2018-12-05 10:48:05,0
9,946,16,1,2,1100000.00,2018-12-05 10:48:05,0
9,947,16,1,3,1100000.00,2018-12-05 10:48:24,0
10,948,16,1,1,1200000.00,2018-12-05 11:01:12,0
10,949,16,1,2,1000000.00,2018-12-05 11:01:12,0
10,950,16,1,3,1000000.00,2018-12-05 11:01:56,0
11,951,16,1,1,1200000.00,2018-12-05 11:03:05,0
11,952,16,1,2,1000000.00,2018-12-05 11:03:05,0
11,953,16,1,3,1000000.00,2018-12-05 11:03:30,0
12,954,16,1,1,1200000.00,2018-12-05 11:04:08,0
12,955,16,1,2,1000000.00,2018-12-05 11:04:08,0
12,956,16,1,3,1000000.00,2018-12-05 11:04:20,0
13,957,16,1,1,1200000.00,2018-12-05 11:05:04,0
13,958,16,1,2,1000000.00,2018-12-05 11:05:04,0
13,959,16,1,3,1000000.00,2018-12-05 11:05:18,0
14,960,16,1,1,1200000.00,2018-12-05 11:05:58,0
14,961,16,1,2,1000000.00,2018-12-05 11:05:58,0
14,962,16,1,3,1000000.00,2018-12-05 11:06:15,0
15,963,16,1,1,1200000.00,2018-12-05 11:07:16,0
15,964,16,1,2,1000000.00,2018-12-05 11:07:16,0
15,965,16,1,3,1000000.00,2018-12-05 11:07:32,0
16,966,16,1,1,800000.00,2018-12-05 10:41:07,0
16,967,16,1,2,800000.00,2018-12-05 10:41:07,0
16,968,16,1,3,800000.00,2018-12-05 10:42:51,0
16,969,16,1,4,800000.00,2018-12-05 10:42:51,0
17,970,16,1,1,800000.00,2018-12-05 10:43:57,0
17,971,16,1,2,800000.00,2018-12-05 10:43:57,0
17,972,16,1,3,800000.00,2018-12-05 10:44:36,0
17,973,16,1,4,800000.00,2018-12-05 10:44:36,0
18,974,16,1,1,800000.00,2018-12-05 10:45:33,0
18,975,16,1,2,800000.00,2018-12-05 10:45:33,0
18,976,16,1,3,800000.00,2018-12-05 10:46:55,0
18,977,16,1,4,800000.00,2018-12-05 10:46:55,0
19,978,16,1,1,800000.00,2018-12-05 10:48:15,0
19,979,16,1,2,800000.00,2018-12-05 10:48:15,0
19,980,16,1,3,800000.00,2018-12-05 10:49:06,0
19,981,16,1,4,800000.00,2018-12-05 10:49:06,0
20,982,16,1,1,1000000.00,2018-12-05 10:52:52,0
20,983,16,1,2,1000000.00,2018-12-05 10:52:52,0
20,984,16,1,3,1000000.00,2018-12-05 10:53:13,0
21,985,16,1,1,900000.00,2018-12-05 10:30:24,0
21,986,16,1,2,900000.00,2018-12-05 10:30:24,0
21,987,16,1,3,840000.00,2018-12-05 10:32:54,0
21,988,16,1,4,840000.00,2018-12-05 10:32:54,0
22,989,16,1,1,1100000.00,2018-12-05 10:45:00,0
22,990,16,1,2,1100000.00,2018-12-05 10:45:00,0
22,991,16,1,3,1100000.00,2018-12-05 10:45:56,0
23,992,16,1,1,1200000.00,2018-12-05 10:52:26,0
23,993,16,1,2,1000000.00,2018-12-05 10:53:22,0
23,994,16,1,3,1000000.00,2018-12-05 10:53:55,0
24,995,16,1,1,1200000.00,2018-12-05 11:02:17,0
24,996,16,1,2,1000000.00,2018-12-05 10:57:10,0
24,997,16,1,3,1000000.00,2018-12-05 11:02:11,0
25,998,16,1,1,1200000.00,2018-12-05 10:59:47,0
25,999,16,1,2,1000000.00,2018-12-05 10:59:47,0
25,1000,16,1,3,1000000.00,2018-12-05 11:00:13,0
26,1001,16,1,1,1200000.00,2018-12-05 10:56:42,0
26,1002,16,1,2,1200000.00,2018-12-05 10:56:42,0
26,1003,16,1,3,1200000.00,2018-12-05 10:57:15,0
26,1004,16,1,4,1200000.00,2018-12-05 10:57:15,0
27,1005,16,1,1,600000.00,2018-12-05 11:08:10,0
28,1006,16,1,1,250000.00,2019-05-08 14:35:36,0
28,1007,16,1,2,250000.00,2019-05-08 14:35:36,0
28,1008,16,1,3,250000.00,2019-05-08 14:37:14,0
28,1009,16,1,4,250000.00,2019-05-08 14:37:14,0
29,1010,16,1,1,200000.00,2019-05-08 14:38:27,0
29,1011,16,1,2,200000.00,2019-05-08 14:38:27,0
30,1012,16,1,1,200000.00,2019-05-08 14:39:52,0
30,1013,16,1,2,200000.00,2019-05-08 14:39:52,0
31,1014,16,1,1,200000.00,2019-05-08 14:29:36,0
31,1015,16,1,2,200000.00,2019-05-08 14:29:36,0
32,1016,16,1,1,200000.00,2019-05-08 14:41:53,0
32,1017,16,1,2,200000.00,2019-05-08 14:41:53,0
33,1018,16,1,1,200000.00,2019-05-14 13:46:38,0
33,1019,16,1,2,200000.00,2019-05-14 13:46:41,0
33,1020,16,1,3,200000.00,2019-05-14 13:46:43,0
33,1021,16,1,4,200000.00,2019-05-14 13:46:46,0
34,1022,16,1,1,1000000.00,2018-12-05 10:54:42,0
34,1023,16,1,2,1000000.00,2018-12-05 10:54:42,0
34,1024,16,1,3,1000000.00,2018-12-05 10:54:59,0
41,1025,16,1,1,250000.00,2019-05-08 14:43:49,0
41,1026,16,1,2,250000.00,2019-05-08 14:43:49,0
45,1027,16,1,1,800000.00,2019-04-08 11:34:25,0
45,1028,16,1,2,400000.00,2019-04-08 11:34:49,0
45,1029,16,1,3,200000.00,2019-04-08 11:35:24,0
45,1030,16,1,4,200000.00,2019-04-08 11:35:47,0
46,1031,16,1,1,800000.00,2019-04-08 11:36:20,0
46,1032,16,1,2,400000.00,2019-04-08 11:36:37,0
46,1033,16,1,3,200000.00,2019-04-08 11:36:58,0
46,1034,16,1,4,200000.00,2019-04-08 11:37:16,0
47,1035,16,1,1,600000.00,2019-04-08 11:38:08,0
47,1036,16,1,2,300000.00,2019-04-08 11:38:39,0
47,1037,16,1,3,300000.00,2019-04-08 11:39:07,0
48,1038,16,1,1,600000.00,2019-04-08 11:39:42,0
48,1039,16,1,2,300000.00,2019-04-08 11:40:10,0
48,1040,16,1,3,300000.00,2019-04-08 11:40:36,0
49,1041,16,1,1,600000.00,2019-04-08 11:59:02,0
49,1042,16,1,2,300000.00,2019-04-08 11:59:23,0
49,1043,16,1,3,300000.00,2019-04-08 11:59:42,0
50,1044,16,1,1,800000.00,2019-06-13 14:26:50,0
50,1045,16,1,2,800000.00,2019-06-13 14:26:50,0
50,1046,16,1,3,800000.00,2019-06-13 14:26:50,0
50,1047,16,1,4,800000.00,2019-06-13 14:26:50,0
52,1048,16,1,1,900000.00,2019-07-12 00:33:49,0
52,1049,16,1,2,900000.00,2019-07-12 00:33:49,0
52,1050,16,1,3,900000.00,2019-07-12 00:33:49,0
52,1051,16,1,4,900000.00,2019-07-12 00:33:49,0
1,1053,19,1,1,800000.00,2018-12-05 10:33:04,0
1,1054,19,1,2,800000.00,2018-12-05 10:33:04,0
1,1055,19,1,3,800000.00,2018-12-05 10:35:24,0
1,1056,19,1,4,800000.00,2018-12-05 10:35:24,0
5,1057,19,1,1,800000.00,2018-12-05 10:37:57,0
5,1058,19,1,2,800000.00,2018-12-05 10:37:57,0
5,1059,19,1,3,800000.00,2018-12-05 10:39:01,0
5,1060,19,1,4,800000.00,2018-12-05 10:39:01,0
6,1061,19,1,1,1000000.00,2018-12-05 10:51:08,0
6,1062,19,1,2,1000000.00,2018-12-05 10:51:08,0
6,1063,19,1,3,1000000.00,2018-12-05 10:51:32,0
7,1064,19,1,1,900000.00,2018-12-05 10:35:43,0
7,1065,19,1,2,900000.00,2018-12-05 10:35:43,0
7,1066,19,1,3,840000.00,2018-12-05 10:37:17,0
7,1067,19,1,4,840000.00,2018-12-05 10:37:17,0
8,1068,19,1,1,900000.00,2018-12-05 10:39:43,0
8,1069,19,1,2,900000.00,2018-12-05 10:39:43,0
8,1070,19,1,3,840000.00,2018-12-05 10:41:28,0
8,1071,19,1,4,840000.00,2018-12-05 10:41:28,0
9,1072,19,1,1,1100000.00,2018-12-05 10:48:05,0
9,1073,19,1,2,1100000.00,2018-12-05 10:48:05,0
9,1074,19,1,3,1100000.00,2018-12-05 10:48:24,0
10,1075,19,1,1,1200000.00,2018-12-05 11:01:12,0
10,1076,19,1,2,1000000.00,2018-12-05 11:01:12,0
10,1077,19,1,3,1000000.00,2018-12-05 11:01:56,0
11,1078,19,1,1,1200000.00,2018-12-05 11:03:05,0
11,1079,19,1,2,1000000.00,2018-12-05 11:03:05,0
11,1080,19,1,3,1000000.00,2018-12-05 11:03:30,0
12,1081,19,1,1,1200000.00,2018-12-05 11:04:08,0
12,1082,19,1,2,1000000.00,2018-12-05 11:04:08,0
12,1083,19,1,3,1000000.00,2018-12-05 11:04:20,0
13,1084,19,1,1,1200000.00,2018-12-05 11:05:04,0
13,1085,19,1,2,1000000.00,2018-12-05 11:05:04,0
13,1086,19,1,3,1000000.00,2018-12-05 11:05:18,0
14,1087,19,1,1,1200000.00,2018-12-05 11:05:58,0
14,1088,19,1,2,1000000.00,2018-12-05 11:05:58,0
14,1089,19,1,3,1000000.00,2018-12-05 11:06:15,0
15,1090,19,1,1,1200000.00,2018-12-05 11:07:16,0
15,1091,19,1,2,1000000.00,2018-12-05 11:07:16,0
15,1092,19,1,3,1000000.00,2018-12-05 11:07:32,0
16,1093,19,1,1,800000.00,2018-12-05 10:41:07,0
16,1094,19,1,2,800000.00,2018-12-05 10:41:07,0
16,1095,19,1,3,800000.00,2018-12-05 10:42:51,0
16,1096,19,1,4,800000.00,2018-12-05 10:42:51,0
17,1097,19,1,1,800000.00,2018-12-05 10:43:57,0
17,1098,19,1,2,800000.00,2018-12-05 10:43:57,0
17,1099,19,1,3,800000.00,2018-12-05 10:44:36,0
17,1100,19,1,4,800000.00,2018-12-05 10:44:36,0
18,1101,19,1,1,800000.00,2018-12-05 10:45:33,0
18,1102,19,1,2,800000.00,2018-12-05 10:45:33,0
18,1103,19,1,3,800000.00,2018-12-05 10:46:55,0
18,1104,19,1,4,800000.00,2018-12-05 10:46:55,0
19,1105,19,1,1,800000.00,2018-12-05 10:48:15,0
19,1106,19,1,2,800000.00,2018-12-05 10:48:15,0
19,1107,19,1,3,800000.00,2018-12-05 10:49:06,0
19,1108,19,1,4,800000.00,2018-12-05 10:49:06,0
20,1109,19,1,1,1000000.00,2018-12-05 10:52:52,0
20,1110,19,1,2,1000000.00,2018-12-05 10:52:52,0
20,1111,19,1,3,1000000.00,2018-12-05 10:53:13,0
21,1112,19,1,1,900000.00,2018-12-05 10:30:24,0
21,1113,19,1,2,900000.00,2018-12-05 10:30:24,0
21,1114,19,1,3,840000.00,2018-12-05 10:32:54,0
21,1115,19,1,4,840000.00,2018-12-05 10:32:54,0
22,1116,19,1,1,1100000.00,2018-12-05 10:45:00,0
22,1117,19,1,2,1100000.00,2018-12-05 10:45:00,0
22,1118,19,1,3,1100000.00,2018-12-05 10:45:56,0
23,1119,19,1,1,1200000.00,2018-12-05 10:52:26,0
23,1120,19,1,2,1000000.00,2018-12-05 10:53:22,0
23,1121,19,1,3,1000000.00,2018-12-05 10:53:55,0
24,1122,19,1,1,1200000.00,2018-12-05 11:02:17,0
24,1123,19,1,2,1000000.00,2018-12-05 10:57:10,0
24,1124,19,1,3,1000000.00,2018-12-05 11:02:11,0
25,1125,19,1,1,1200000.00,2018-12-05 10:59:47,0
25,1126,19,1,2,1000000.00,2018-12-05 10:59:47,0
25,1127,19,1,3,1000000.00,2018-12-05 11:00:13,0
26,1128,19,1,1,1200000.00,2018-12-05 10:56:42,0
26,1129,19,1,2,1200000.00,2018-12-05 10:56:42,0
26,1130,19,1,3,1200000.00,2018-12-05 10:57:15,0
26,1131,19,1,4,1200000.00,2018-12-05 10:57:15,0
27,1132,19,1,1,600000.00,2018-12-05 11:08:10,0
28,1133,19,1,1,250000.00,2019-05-08 14:35:36,0
28,1134,19,1,2,250000.00,2019-05-08 14:35:36,0
28,1135,19,1,3,250000.00,2019-05-08 14:37:14,0
28,1136,19,1,4,250000.00,2019-05-08 14:37:14,0
29,1137,19,1,1,200000.00,2019-05-08 14:38:27,0
29,1138,19,1,2,200000.00,2019-05-08 14:38:27,0
30,1139,19,1,1,200000.00,2019-05-08 14:39:52,0
30,1140,19,1,2,200000.00,2019-05-08 14:39:52,0
31,1141,19,1,1,200000.00,2019-05-08 14:29:36,0
31,1142,19,1,2,200000.00,2019-05-08 14:29:36,0
32,1143,19,1,1,200000.00,2019-05-08 14:41:53,0
32,1144,19,1,2,200000.00,2019-05-08 14:41:53,0
33,1145,19,1,1,200000.00,2019-05-14 13:46:38,0
33,1146,19,1,2,200000.00,2019-05-14 13:46:41,0
33,1147,19,1,3,200000.00,2019-05-14 13:46:43,0
33,1148,19,1,4,200000.00,2019-05-14 13:46:46,0
34,1149,19,1,1,1000000.00,2018-12-05 10:54:42,0
34,1150,19,1,2,1000000.00,2018-12-05 10:54:42,0
34,1151,19,1,3,1000000.00,2018-12-05 10:54:59,0
41,1152,19,1,1,250000.00,2019-05-08 14:43:49,0
41,1153,19,1,2,250000.00,2019-05-08 14:43:49,0
45,1154,19,1,1,800000.00,2019-04-08 11:34:25,0
45,1155,19,1,2,400000.00,2019-04-08 11:34:49,0
45,1156,19,1,3,200000.00,2019-04-08 11:35:24,0
45,1157,19,1,4,200000.00,2019-04-08 11:35:47,0
46,1158,19,1,1,800000.00,2019-04-08 11:36:20,0
46,1159,19,1,2,400000.00,2019-04-08 11:36:37,0
46,1160,19,1,3,200000.00,2019-04-08 11:36:58,0
46,1161,19,1,4,200000.00,2019-04-08 11:37:16,0
47,1162,19,1,1,600000.00,2019-04-08 11:38:08,0
47,1163,19,1,2,300000.00,2019-04-08 11:38:39,0
47,1164,19,1,3,300000.00,2019-04-08 11:39:07,0
48,1165,19,1,1,600000.00,2019-04-08 11:39:42,0
48,1166,19,1,2,300000.00,2019-04-08 11:40:10,0
48,1167,19,1,3,300000.00,2019-04-08 11:40:36,0
49,1168,19,1,1,600000.00,2019-04-08 11:59:02,0
49,1169,19,1,2,300000.00,2019-04-08 11:59:23,0
49,1170,19,1,3,300000.00,2019-04-08 11:59:42,0
50,1171,19,1,1,800000.00,2019-06-13 14:26:50,0
50,1172,19,1,2,800000.00,2019-06-13 14:26:50,0
50,1173,19,1,3,800000.00,2019-06-13 14:26:50,0
50,1174,19,1,4,800000.00,2019-06-13 14:26:50,0
52,1175,19,1,1,900000.00,2019-07-12 00:33:49,0
52,1176,19,1,2,900000.00,2019-07-12 00:33:49,0
52,1177,19,1,3,900000.00,2019-07-12 00:33:49,0
52,1178,19,1,4,900000.00,2019-07-12 00:33:49,0
53,1179,19,1,1,1200000.00,2018-12-05 10:56:42,0
53,1180,19,1,2,1200000.00,2018-12-05 10:56:42,0
53,1181,19,1,3,1200000.00,2018-12-05 10:57:15,0
53,1182,19,1,4,1200000.00,2018-12-05 10:57:15,0
54,1183,19,1,1,1200000.00,2018-12-05 10:56:42,0
54,1184,19,1,2,1200000.00,2018-12-05 10:56:42,0
54,1185,19,1,3,1200000.00,2018-12-05 10:57:15,0
54,1186,19,1,4,1200000.00,2018-12-05 10:57:15,0
1,1188,20,1,1,800000.00,2018-12-05 10:33:04,0
1,1189,20,1,2,800000.00,2018-12-05 10:33:04,0
1,1190,20,1,3,800000.00,2018-12-05 10:35:24,0
1,1191,20,1,4,800000.00,2018-12-05 10:35:24,0
5,1192,20,1,1,800000.00,2018-12-05 10:37:57,0
5,1193,20,1,2,800000.00,2018-12-05 10:37:57,0
5,1194,20,1,3,800000.00,2018-12-05 10:39:01,0
5,1195,20,1,4,800000.00,2018-12-05 10:39:01,0
6,1196,20,1,1,1000000.00,2018-12-05 10:51:08,0
6,1197,20,1,2,1000000.00,2018-12-05 10:51:08,0
6,1198,20,1,3,1000000.00,2018-12-05 10:51:32,0
7,1199,20,1,1,900000.00,2018-12-05 10:35:43,0
7,1200,20,1,2,900000.00,2018-12-05 10:35:43,0
7,1201,20,1,3,840000.00,2018-12-05 10:37:17,0
7,1202,20,1,4,840000.00,2018-12-05 10:37:17,0
8,1203,20,1,1,900000.00,2018-12-05 10:39:43,0
8,1204,20,1,2,900000.00,2018-12-05 10:39:43,0
8,1205,20,1,3,840000.00,2018-12-05 10:41:28,0
8,1206,20,1,4,840000.00,2018-12-05 10:41:28,0
9,1207,20,1,1,1100000.00,2018-12-05 10:48:05,0
9,1208,20,1,2,1100000.00,2018-12-05 10:48:05,0
9,1209,20,1,3,1100000.00,2018-12-05 10:48:24,0
10,1210,20,1,1,1200000.00,2018-12-05 11:01:12,0
10,1211,20,1,2,1000000.00,2018-12-05 11:01:12,0
10,1212,20,1,3,1000000.00,2018-12-05 11:01:56,0
11,1213,20,1,1,1200000.00,2018-12-05 11:03:05,0
11,1214,20,1,2,1000000.00,2018-12-05 11:03:05,0
11,1215,20,1,3,1000000.00,2018-12-05 11:03:30,0
12,1216,20,1,1,1200000.00,2018-12-05 11:04:08,0
12,1217,20,1,2,1000000.00,2018-12-05 11:04:08,0
12,1218,20,1,3,1000000.00,2018-12-05 11:04:20,0
13,1219,20,1,1,1200000.00,2018-12-05 11:05:04,0
13,1220,20,1,2,1000000.00,2018-12-05 11:05:04,0
13,1221,20,1,3,1000000.00,2018-12-05 11:05:18,0
14,1222,20,1,1,1200000.00,2018-12-05 11:05:58,0
14,1223,20,1,2,1000000.00,2018-12-05 11:05:58,0
14,1224,20,1,3,1000000.00,2018-12-05 11:06:15,0
15,1225,20,1,1,1200000.00,2018-12-05 11:07:16,0
15,1226,20,1,2,1000000.00,2018-12-05 11:07:16,0
15,1227,20,1,3,1000000.00,2018-12-05 11:07:32,0
16,1228,20,1,1,800000.00,2018-12-05 10:41:07,0
16,1229,20,1,2,800000.00,2018-12-05 10:41:07,0
16,1230,20,1,3,800000.00,2018-12-05 10:42:51,0
16,1231,20,1,4,800000.00,2018-12-05 10:42:51,0
17,1232,20,1,1,800000.00,2018-12-05 10:43:57,0
17,1233,20,1,2,800000.00,2018-12-05 10:43:57,0
17,1234,20,1,3,800000.00,2018-12-05 10:44:36,0
17,1235,20,1,4,800000.00,2018-12-05 10:44:36,0
18,1236,20,1,1,800000.00,2018-12-05 10:45:33,0
18,1237,20,1,2,800000.00,2018-12-05 10:45:33,0
18,1238,20,1,3,800000.00,2018-12-05 10:46:55,0
18,1239,20,1,4,800000.00,2018-12-05 10:46:55,0
19,1240,20,1,1,800000.00,2018-12-05 10:48:15,0
19,1241,20,1,2,800000.00,2018-12-05 10:48:15,0
19,1242,20,1,3,800000.00,2018-12-05 10:49:06,0
19,1243,20,1,4,800000.00,2018-12-05 10:49:06,0
20,1244,20,1,1,1000000.00,2018-12-05 10:52:52,0
20,1245,20,1,2,1000000.00,2018-12-05 10:52:52,0
20,1246,20,1,3,1000000.00,2018-12-05 10:53:13,0
21,1247,20,1,1,900000.00,2018-12-05 10:30:24,0
21,1248,20,1,2,900000.00,2018-12-05 10:30:24,0
21,1249,20,1,3,840000.00,2018-12-05 10:32:54,0
21,1250,20,1,4,840000.00,2018-12-05 10:32:54,0
22,1251,20,1,1,1100000.00,2018-12-05 10:45:00,0
22,1252,20,1,2,1100000.00,2018-12-05 10:45:00,0
22,1253,20,1,3,1100000.00,2018-12-05 10:45:56,0
23,1254,20,1,1,1200000.00,2018-12-05 10:52:26,0
23,1255,20,1,2,1000000.00,2018-12-05 10:53:22,0
23,1256,20,1,3,1000000.00,2018-12-05 10:53:55,0
24,1257,20,1,1,1200000.00,2018-12-05 11:02:17,0
24,1258,20,1,2,1000000.00,2018-12-05 10:57:10,0
24,1259,20,1,3,1000000.00,2018-12-05 11:02:11,0
25,1260,20,1,1,1200000.00,2018-12-05 10:59:47,0
25,1261,20,1,2,1000000.00,2018-12-05 10:59:47,0
25,1262,20,1,3,1000000.00,2018-12-05 11:00:13,0
26,1263,20,1,1,1200000.00,2018-12-05 10:56:42,0
26,1264,20,1,2,1200000.00,2018-12-05 10:56:42,0
26,1265,20,1,3,1200000.00,2018-12-05 10:57:15,0
26,1266,20,1,4,1200000.00,2018-12-05 10:57:15,0
27,1267,20,1,1,600000.00,2018-12-05 11:08:10,0
28,1268,20,1,1,250000.00,2019-05-08 14:35:36,0
28,1269,20,1,2,250000.00,2019-05-08 14:35:36,0
28,1270,20,1,3,250000.00,2019-05-08 14:37:14,0
28,1271,20,1,4,250000.00,2019-05-08 14:37:14,0
29,1272,20,1,1,200000.00,2019-05-08 14:38:27,0
29,1273,20,1,2,200000.00,2019-05-08 14:38:27,0
30,1274,20,1,1,200000.00,2019-05-08 14:39:52,0
30,1275,20,1,2,200000.00,2019-05-08 14:39:52,0
31,1276,20,1,1,200000.00,2019-05-08 14:29:36,0
31,1277,20,1,2,200000.00,2019-05-08 14:29:36,0
32,1278,20,1,1,200000.00,2019-05-08 14:41:53,0
32,1279,20,1,2,200000.00,2019-05-08 14:41:53,0
33,1280,20,1,1,200000.00,2019-05-14 13:46:38,0
33,1281,20,1,2,200000.00,2019-05-14 13:46:41,0
33,1282,20,1,3,200000.00,2019-05-14 13:46:43,0
33,1283,20,1,4,200000.00,2019-05-14 13:46:46,0
34,1284,20,1,1,1000000.00,2018-12-05 10:54:42,0
34,1285,20,1,2,1000000.00,2018-12-05 10:54:42,0
34,1286,20,1,3,1000000.00,2018-12-05 10:54:59,0
41,1287,20,1,1,250000.00,2019-05-08 14:43:49,0
41,1288,20,1,2,250000.00,2019-05-08 14:43:49,0
45,1289,20,1,1,800000.00,2019-04-08 11:34:25,0
45,1290,20,1,2,400000.00,2019-04-08 11:34:49,0
45,1291,20,1,3,200000.00,2019-04-08 11:35:24,0
45,1292,20,1,4,200000.00,2019-04-08 11:35:47,0
46,1293,20,1,1,800000.00,2019-04-08 11:36:20,0
46,1294,20,1,2,400000.00,2019-04-08 11:36:37,0
46,1295,20,1,3,200000.00,2019-04-08 11:36:58,0
46,1296,20,1,4,200000.00,2019-04-08 11:37:16,0
47,1297,20,1,1,600000.00,2019-04-08 11:38:08,0
47,1298,20,1,2,300000.00,2019-04-08 11:38:39,0
47,1299,20,1,3,300000.00,2019-04-08 11:39:07,0
48,1300,20,1,1,600000.00,2019-04-08 11:39:42,0
48,1301,20,1,2,300000.00,2019-04-08 11:40:10,0
48,1302,20,1,3,300000.00,2019-04-08 11:40:36,0
49,1303,20,1,1,600000.00,2019-04-08 11:59:02,0
49,1304,20,1,2,300000.00,2019-04-08 11:59:23,0
49,1305,20,1,3,300000.00,2019-04-08 11:59:42,0
50,1306,20,1,1,800000.00,2019-06-13 14:26:50,0
50,1307,20,1,2,800000.00,2019-06-13 14:26:50,0
50,1308,20,1,3,800000.00,2019-06-13 14:26:50,0
50,1309,20,1,4,800000.00,2019-06-13 14:26:50,0
52,1310,20,1,1,900000.00,2019-07-12 00:33:49,0
52,1311,20,1,2,900000.00,2019-07-12 00:33:49,0
52,1312,20,1,3,900000.00,2019-07-12 00:33:49,0
52,1313,20,1,4,900000.00,2019-07-12 00:33:49,0
53,1314,20,1,1,1200000.00,2018-12-05 10:56:42,0
53,1315,20,1,2,1200000.00,2018-12-05 10:56:42,0
53,1316,20,1,3,1200000.00,2018-12-05 10:57:15,0
53,1317,20,1,4,1200000.00,2018-12-05 10:57:15,0
54,1318,20,1,1,1200000.00,2018-12-05 10:56:42,0
54,1319,20,1,2,1200000.00,2018-12-05 10:56:42,0
54,1320,20,1,3,1200000.00,2018-12-05 10:57:15,0
54,1321,20,1,4,1200000.00,2018-12-05 10:57:15,0
1,1458,23,1,1,800000.00,2018-12-05 10:33:04,0
1,1459,23,1,2,800000.00,2018-12-05 10:33:04,0
1,1460,23,1,3,800000.00,2018-12-05 10:35:24,0
1,1461,23,1,4,800000.00,2018-12-05 10:35:24,0
5,1462,23,1,1,800000.00,2018-12-05 10:37:57,0
5,1463,23,1,2,800000.00,2018-12-05 10:37:57,0
5,1464,23,1,3,800000.00,2018-12-05 10:39:01,0
5,1465,23,1,4,800000.00,2018-12-05 10:39:01,0
6,1466,23,1,1,1000000.00,2018-12-05 10:51:08,0
6,1467,23,1,2,1000000.00,2018-12-05 10:51:08,0
6,1468,23,1,3,1000000.00,2018-12-05 10:51:32,0
7,1469,23,1,1,900000.00,2018-12-05 10:35:43,0
7,1470,23,1,2,900000.00,2018-12-05 10:35:43,0
7,1471,23,1,3,840000.00,2018-12-05 10:37:17,0
7,1472,23,1,4,840000.00,2018-12-05 10:37:17,0
8,1473,23,1,1,900000.00,2018-12-05 10:39:43,0
8,1474,23,1,2,900000.00,2018-12-05 10:39:43,0
8,1475,23,1,3,840000.00,2018-12-05 10:41:28,0
8,1476,23,1,4,840000.00,2018-12-05 10:41:28,0
9,1477,23,1,1,1100000.00,2018-12-05 10:48:05,0
9,1478,23,1,2,1100000.00,2018-12-05 10:48:05,0
9,1479,23,1,3,1100000.00,2018-12-05 10:48:24,0
10,1480,23,1,1,1200000.00,2018-12-05 11:01:12,0
10,1481,23,1,2,1000000.00,2018-12-05 11:01:12,0
10,1482,23,1,3,1000000.00,2018-12-05 11:01:56,0
11,1483,23,1,1,1200000.00,2018-12-05 11:03:05,0
11,1484,23,1,2,1000000.00,2018-12-05 11:03:05,0
11,1485,23,1,3,1000000.00,2018-12-05 11:03:30,0
12,1486,23,1,1,1200000.00,2018-12-05 11:04:08,0
12,1487,23,1,2,1000000.00,2018-12-05 11:04:08,0
12,1488,23,1,3,1000000.00,2018-12-05 11:04:20,0
13,1489,23,1,1,1200000.00,2018-12-05 11:05:04,0
13,1490,23,1,2,1000000.00,2018-12-05 11:05:04,0
13,1491,23,1,3,1000000.00,2018-12-05 11:05:18,0
14,1492,23,1,1,1200000.00,2018-12-05 11:05:58,0
14,1493,23,1,2,1000000.00,2018-12-05 11:05:58,0
14,1494,23,1,3,1000000.00,2018-12-05 11:06:15,0
15,1495,23,1,1,1200000.00,2018-12-05 11:07:16,0
15,1496,23,1,2,1000000.00,2018-12-05 11:07:16,0
15,1497,23,1,3,1000000.00,2018-12-05 11:07:32,0
16,1498,23,1,1,800000.00,2018-12-05 10:41:07,0
16,1499,23,1,2,800000.00,2018-12-05 10:41:07,0
16,1500,23,1,3,800000.00,2018-12-05 10:42:51,0
16,1501,23,1,4,800000.00,2018-12-05 10:42:51,0
17,1502,23,1,1,800000.00,2018-12-05 10:43:57,0
17,1503,23,1,2,800000.00,2018-12-05 10:43:57,0
17,1504,23,1,3,800000.00,2018-12-05 10:44:36,0
17,1505,23,1,4,800000.00,2018-12-05 10:44:36,0
18,1506,23,1,1,800000.00,2018-12-05 10:45:33,0
18,1507,23,1,2,800000.00,2018-12-05 10:45:33,0
18,1508,23,1,3,800000.00,2018-12-05 10:46:55,0
18,1509,23,1,4,800000.00,2018-12-05 10:46:55,0
19,1510,23,1,1,800000.00,2018-12-05 10:48:15,0
19,1511,23,1,2,800000.00,2018-12-05 10:48:15,0
19,1512,23,1,3,800000.00,2018-12-05 10:49:06,0
19,1513,23,1,4,800000.00,2018-12-05 10:49:06,0
20,1514,23,1,1,1000000.00,2018-12-05 10:52:52,0
20,1515,23,1,2,1000000.00,2018-12-05 10:52:52,0
20,1516,23,1,3,1000000.00,2018-12-05 10:53:13,0
21,1517,23,1,1,900000.00,2018-12-05 10:30:24,0
21,1518,23,1,2,900000.00,2018-12-05 10:30:24,0
21,1519,23,1,3,840000.00,2018-12-05 10:32:54,0
21,1520,23,1,4,840000.00,2018-12-05 10:32:54,0
22,1521,23,1,1,1100000.00,2018-12-05 10:45:00,0
22,1522,23,1,2,1100000.00,2018-12-05 10:45:00,0
22,1523,23,1,3,1100000.00,2018-12-05 10:45:56,0
23,1524,23,1,1,1200000.00,2018-12-05 10:52:26,0
23,1525,23,1,2,1000000.00,2018-12-05 10:53:22,0
23,1526,23,1,3,1000000.00,2018-12-05 10:53:55,0
24,1527,23,1,1,1200000.00,2018-12-05 11:02:17,0
24,1528,23,1,2,1000000.00,2018-12-05 10:57:10,0
24,1529,23,1,3,1000000.00,2018-12-05 11:02:11,0
25,1530,23,1,1,1200000.00,2018-12-05 10:59:47,0
25,1531,23,1,2,1000000.00,2018-12-05 10:59:47,0
25,1532,23,1,3,1000000.00,2018-12-05 11:00:13,0
26,1533,23,1,1,1200000.00,2018-12-05 10:56:42,0
26,1534,23,1,2,1200000.00,2018-12-05 10:56:42,0
26,1535,23,1,3,1200000.00,2018-12-05 10:57:15,0
26,1536,23,1,4,1200000.00,2018-12-05 10:57:15,0
27,1537,23,1,1,600000.00,2018-12-05 11:08:10,0
28,1538,23,1,1,250000.00,2019-05-08 14:35:36,0
28,1539,23,1,2,250000.00,2019-05-08 14:35:36,0
28,1540,23,1,3,250000.00,2019-05-08 14:37:14,0
28,1541,23,1,4,250000.00,2019-05-08 14:37:14,0
29,1542,23,1,1,200000.00,2019-05-08 14:38:27,0
29,1543,23,1,2,200000.00,2019-05-08 14:38:27,0
30,1544,23,1,1,200000.00,2019-05-08 14:39:52,0
30,1545,23,1,2,200000.00,2019-05-08 14:39:52,0
31,1546,23,1,1,200000.00,2019-05-08 14:29:36,0
31,1547,23,1,2,200000.00,2019-05-08 14:29:36,0
32,1548,23,1,1,200000.00,2019-05-08 14:41:53,0
32,1549,23,1,2,200000.00,2019-05-08 14:41:53,0
33,1550,23,1,1,200000.00,2019-05-14 13:46:38,0
33,1551,23,1,2,200000.00,2019-05-14 13:46:41,0
33,1552,23,1,3,200000.00,2019-05-14 13:46:43,0
33,1553,23,1,4,200000.00,2019-05-14 13:46:46,0
34,1554,23,1,1,1000000.00,2018-12-05 10:54:42,0
34,1555,23,1,2,1000000.00,2018-12-05 10:54:42,0
34,1556,23,1,3,1000000.00,2018-12-05 10:54:59,0
41,1557,23,1,1,250000.00,2019-05-08 14:43:49,0
41,1558,23,1,2,250000.00,2019-05-08 14:43:49,0
45,1559,23,1,1,800000.00,2019-04-08 11:34:25,0
45,1560,23,1,2,400000.00,2019-04-08 11:34:49,0
45,1561,23,1,3,200000.00,2019-04-08 11:35:24,0
45,1562,23,1,4,200000.00,2019-04-08 11:35:47,0
46,1563,23,1,1,800000.00,2019-04-08 11:36:20,0
46,1564,23,1,2,400000.00,2019-04-08 11:36:37,0
46,1565,23,1,3,200000.00,2019-04-08 11:36:58,0
46,1566,23,1,4,200000.00,2019-04-08 11:37:16,0
47,1567,23,1,1,600000.00,2019-04-08 11:38:08,0
47,1568,23,1,2,300000.00,2019-04-08 11:38:39,0
47,1569,23,1,3,300000.00,2019-04-08 11:39:07,0
48,1570,23,1,1,600000.00,2019-04-08 11:39:42,0
48,1571,23,1,2,300000.00,2019-04-08 11:40:10,0
48,1572,23,1,3,300000.00,2019-04-08 11:40:36,0
49,1573,23,1,1,600000.00,2019-04-08 11:59:02,0
49,1574,23,1,2,300000.00,2019-04-08 11:59:23,0
49,1575,23,1,3,300000.00,2019-04-08 11:59:42,0
50,1576,23,1,1,800000.00,2019-06-13 14:26:50,0
50,1577,23,1,2,800000.00,2019-06-13 14:26:50,0
50,1578,23,1,3,800000.00,2019-06-13 14:26:50,0
50,1579,23,1,4,800000.00,2019-06-13 14:26:50,0
52,1580,23,1,1,900000.00,2019-07-12 00:33:49,0
52,1581,23,1,2,900000.00,2019-07-12 00:33:49,0
52,1582,23,1,3,900000.00,2019-07-12 00:33:49,0
52,1583,23,1,4,900000.00,2019-07-12 00:33:49,0
53,1584,23,1,1,1200000.00,2018-12-05 10:56:42,0
53,1585,23,1,2,1200000.00,2018-12-05 10:56:42,0
53,1586,23,1,3,1200000.00,2018-12-05 10:57:15,0
53,1587,23,1,4,1200000.00,2018-12-05 10:57:15,0
54,1588,23,1,1,1200000.00,2018-12-05 10:56:42,0
54,1589,23,1,2,1200000.00,2018-12-05 10:56:42,0
54,1590,23,1,3,1200000.00,2018-12-05 10:57:15,0
54,1591,23,1,4,1200000.00,2018-12-05 10:57:15,0
65,1592,23,1,1,800000.00,2020-11-14 07:58:00,0
65,1593,23,1,2,800000.00,2020-11-14 07:58:06,0
65,1594,23,1,3,800000.00,2020-11-14 07:58:07,0
65,1595,23,1,4,800000.00,2020-11-14 07:58:08,0
15,1597,10,1,1,1000000.00,2020-11-24 17:21:13,0
15,1598,10,1,2,1000000.00,2020-11-24 17:21:13,0
15,1599,10,1,3,1000000.00,2020-11-24 17:21:12,0
1,1601,24,0,1,900000.00,2021-02-01 16:17:52,0
1,1602,24,0,2,900000.00,2021-02-01 16:17:52,0
1,1603,24,0,3,900000.00,2021-02-01 16:17:52,0
1,1604,24,0,4,900000.00,2021-02-01 16:17:52,0
5,1605,24,0,1,900000.00,2021-02-01 16:17:52,0
5,1606,24,0,2,900000.00,2021-02-01 16:17:52,0
5,1607,24,0,3,900000.00,2021-02-01 16:17:52,0
5,1608,24,0,4,900000.00,2021-02-01 16:17:52,0
6,1609,24,0,1,1200000.00,2021-02-01 16:17:52,0
6,1610,24,0,2,1000000.00,2021-02-01 16:17:52,0
6,1611,24,0,3,1000000.00,2021-02-01 16:17:52,0
9,1612,24,0,1,1400000.00,2021-02-01 16:17:52,0
9,1613,24,0,2,1100000.00,2021-02-01 16:17:52,0
9,1614,24,0,3,1100000.00,2021-02-01 16:17:52,0
10,1615,24,0,1,1400000.00,2021-02-01 16:17:52,0
10,1616,24,0,2,1000000.00,2021-02-01 16:17:52,0
10,1617,24,0,3,1000000.00,2021-02-01 16:17:52,0
11,1618,24,0,1,1400000.00,2021-02-01 16:17:52,0
11,1619,24,0,2,1000000.00,2021-02-01 16:17:52,0
11,1620,24,0,3,1000000.00,2021-02-01 16:17:52,0
12,1621,24,0,1,1400000.00,2021-02-01 16:17:52,0
12,1622,24,0,2,1000000.00,2021-02-01 16:17:52,0
12,1623,24,0,3,1000000.00,2021-02-01 16:17:52,0
13,1624,24,0,1,1400000.00,2021-02-01 16:17:52,0
13,1625,24,0,2,1000000.00,2021-02-01 16:17:52,0
13,1626,24,0,3,1000000.00,2021-02-01 16:17:52,0
14,1627,24,0,1,1400000.00,2021-02-01 16:17:52,0
14,1628,24,0,2,1000000.00,2021-02-01 16:17:52,0
14,1629,24,0,3,1000000.00,2021-02-01 16:17:52,0
15,1630,24,0,1,1400000.00,2021-02-01 16:17:52,0
15,1631,24,0,2,1000000.00,2021-02-01 16:17:52,0
15,1632,24,0,3,1000000.00,2021-02-01 16:17:52,0
16,1633,24,0,1,900000.00,2021-02-01 16:17:52,0
16,1634,24,0,2,900000.00,2021-02-01 16:17:52,0
16,1635,24,0,3,900000.00,2021-02-01 16:17:52,0
16,1636,24,0,4,900000.00,2021-02-01 16:17:52,0
17,1637,24,0,1,900000.00,2021-02-01 16:17:52,0
17,1638,24,0,2,900000.00,2021-02-01 16:17:52,0
17,1639,24,0,3,900000.00,2021-02-01 16:17:52,0
17,1640,24,0,4,900000.00,2021-02-01 16:17:52,0
18,1641,24,0,1,900000.00,2021-02-01 16:17:52,0
18,1642,24,0,2,900000.00,2021-02-01 16:17:52,0
18,1643,24,0,3,900000.00,2021-02-01 16:17:52,0
18,1644,24,0,4,900000.00,2021-02-01 16:17:52,0
19,1645,24,0,1,900000.00,2021-02-01 16:17:52,0
19,1646,24,0,2,900000.00,2021-02-01 16:17:52,0
19,1647,24,0,3,900000.00,2021-02-01 16:17:52,0
19,1648,24,0,4,900000.00,2021-02-01 16:17:52,0
20,1649,24,0,1,1200000.00,2021-02-01 16:17:52,0
20,1650,24,0,2,1000000.00,2021-02-01 16:17:52,0
20,1651,24,0,3,1000000.00,2021-02-01 16:17:52,0
21,1652,24,0,1,900000.00,2021-02-01 16:17:52,0
21,1653,24,0,2,900000.00,2021-02-01 16:17:52,0
21,1654,24,0,3,840000.00,2021-02-01 16:17:52,0
21,1655,24,0,4,840000.00,2021-02-01 16:17:52,0
22,1656,24,0,1,1400000.00,2021-02-01 16:17:52,0
22,1657,24,0,2,1100000.00,2021-02-01 16:17:52,0
22,1658,24,0,3,1100000.00,2021-02-01 16:17:52,0
23,1659,24,0,1,1400000.00,2021-02-01 16:17:52,0
23,1660,24,0,2,1000000.00,2021-02-01 16:17:52,0
23,1661,24,0,3,1000000.00,2021-02-01 16:17:52,0
24,1662,24,0,1,1400000.00,2021-02-01 16:17:52,0
24,1663,24,0,2,1000000.00,2021-02-01 16:17:53,0
24,1664,24,0,3,1000000.00,2021-02-01 16:17:53,0
25,1665,24,0,1,1400000.00,2021-02-01 16:17:53,0
25,1666,24,0,2,1000000.00,2021-02-01 16:17:53,0
25,1667,24,0,3,1000000.00,2021-02-01 16:17:53,0
26,1668,24,0,1,1200000.00,2021-02-01 16:17:53,0
26,1669,24,0,2,1200000.00,2021-02-01 16:17:53,0
26,1670,24,0,3,1200000.00,2021-02-01 16:17:53,0
26,1671,24,0,4,1200000.00,2021-02-01 16:17:53,0
27,1672,24,0,1,800000.00,2021-02-01 16:17:53,0
28,1673,24,0,1,500000.00,2021-02-01 16:17:53,0
28,1674,24,0,2,500000.00,2021-02-01 16:17:53,0
29,1675,24,0,1,400000.00,2021-02-01 16:17:53,0
30,1676,24,0,1,400000.00,2021-02-01 16:17:53,0
31,1677,24,0,1,400000.00,2021-02-01 16:17:53,0
32,1678,24,0,1,400000.00,2021-02-01 16:17:53,0
33,1679,24,0,3,400000.00,2021-02-01 16:17:53,0
33,1680,24,0,4,400000.00,2021-02-01 16:17:53,0
34,1681,24,0,1,1200000.00,2021-02-01 16:17:53,0
34,1682,24,0,2,1000000.00,2021-02-01 16:17:53,0
34,1683,24,0,3,1000000.00,2021-02-01 16:17:53,0
41,1684,24,0,1,250000.00,2021-02-01 16:17:53,0
52,1685,24,0,1,900000.00,2021-02-01 16:17:53,0
52,1686,24,0,2,900000.00,2021-02-01 16:17:53,0
52,1687,24,0,3,900000.00,2021-02-01 16:17:53,0
52,1688,24,0,4,900000.00,2021-02-01 16:17:53,0
53,1689,24,0,1,1200000.00,2021-02-01 16:17:53,0
53,1690,24,0,2,1200000.00,2021-02-01 16:17:53,0
53,1691,24,0,3,1200000.00,2021-02-01 16:17:53,0
53,1692,24,0,4,1200000.00,2021-02-01 16:17:53,0
54,1693,24,0,1,1200000.00,2021-02-01 16:17:53,0
54,1694,24,0,2,1200000.00,2021-02-01 16:17:53,0
54,1695,24,0,3,1200000.00,2021-02-01 16:17:53,0
54,1696,24,0,4,1200000.00,2021-02-01 16:17:53,0
55,1697,24,0,1,800000.00,2021-02-01 16:17:53,0
65,1698,24,0,1,900000.00,2021-02-01 16:17:53,0
65,1699,24,0,2,900000.00,2021-02-01 16:17:53,0
65,1700,24,0,3,900000.00,2021-02-01 16:17:53,0
65,1701,24,0,4,900000.00,2021-02-01 16:17:53,0
2,1702,24,0,1,900000.00,2021-02-01 16:17:53,0
2,1703,24,0,2,900000.00,2021-02-01 16:17:53,0
2,1704,24,0,3,900000.00,2021-02-01 16:17:53,0
2,1705,24,0,4,900000.00,2021-02-01 16:17:53,0
3,1706,24,0,1,900000.00,2021-02-01 16:17:53,0
3,1707,24,0,2,900000.00,2021-02-01 16:17:53,0
3,1708,24,0,3,900000.00,2021-02-01 16:17:53,0
3,1709,24,0,4,900000.00,2021-02-01 16:17:53,0
4,1710,24,0,1,900000.00,2021-02-01 16:17:53,0
4,1711,24,0,2,900000.00,2021-02-01 16:17:53,0
4,1712,24,0,3,900000.00,2021-02-01 16:17:53,0
4,1713,24,0,4,900000.00,2021-02-01 16:17:53,0
50,1714,24,0,1,900000.00,2021-02-01 16:17:53,0
50,1715,24,0,2,900000.00,2021-02-01 16:17:53,0
50,1716,24,0,3,900000.00,2021-02-01 16:17:53,0
50,1717,24,0,4,900000.00,2021-02-01 16:17:53,0
1,1719,25,0,1,900000.00,2021-02-01 17:44:55,0
1,1720,25,0,2,900000.00,2021-02-01 17:44:55,0
1,1721,25,0,3,900000.00,2021-02-01 17:44:55,0
1,1722,25,0,4,900000.00,2021-02-01 17:44:55,0
5,1723,25,0,1,900000.00,2021-02-01 17:44:55,0
5,1724,25,0,2,900000.00,2021-02-01 17:44:55,0
5,1725,25,0,3,900000.00,2021-02-01 17:44:55,0
5,1726,25,0,4,900000.00,2021-02-01 17:44:55,0
6,1727,25,0,1,1200000.00,2021-02-01 17:44:55,0
6,1728,25,0,2,1000000.00,2021-02-01 17:44:55,0
6,1729,25,0,3,1000000.00,2021-02-01 17:44:55,0
9,1730,25,0,1,1400000.00,2021-02-01 17:44:55,0
9,1731,25,0,2,1100000.00,2021-02-01 17:44:55,0
9,1732,25,0,3,1100000.00,2021-02-01 17:44:55,0
10,1733,25,0,1,1400000.00,2021-02-01 17:44:55,0
10,1734,25,0,2,1000000.00,2021-02-01 17:44:55,0
10,1735,25,0,3,1000000.00,2021-02-01 17:44:55,0
11,1736,25,0,1,1400000.00,2021-02-01 17:44:55,0
11,1737,25,0,2,1000000.00,2021-02-01 17:44:55,0
11,1738,25,0,3,1000000.00,2021-02-01 17:44:55,0
12,1739,25,0,1,1400000.00,2021-02-01 17:44:55,0
12,1740,25,0,2,1000000.00,2021-02-01 17:44:55,0
12,1741,25,0,3,1000000.00,2021-02-01 17:44:55,0
13,1742,25,0,1,1400000.00,2021-02-01 17:44:55,0
13,1743,25,0,2,1000000.00,2021-02-01 17:44:55,0
13,1744,25,0,3,1000000.00,2021-02-01 17:44:55,0
14,1745,25,0,1,1400000.00,2021-02-01 17:44:55,0
14,1746,25,0,2,1000000.00,2021-02-01 17:44:55,0
14,1747,25,0,3,1000000.00,2021-02-01 17:44:55,0
15,1748,25,0,1,1400000.00,2021-02-01 17:44:55,0
15,1749,25,0,2,1000000.00,2021-02-01 17:44:55,0
15,1750,25,0,3,1000000.00,2021-02-01 17:44:55,0
16,1751,25,0,1,900000.00,2021-02-01 17:44:55,0
16,1752,25,0,2,900000.00,2021-02-01 17:44:55,0
16,1753,25,0,3,900000.00,2021-02-01 17:44:55,0
16,1754,25,0,4,900000.00,2021-02-01 17:44:55,0
17,1755,25,0,1,900000.00,2021-02-01 17:44:55,0
17,1756,25,0,2,900000.00,2021-02-01 17:44:55,0
17,1757,25,0,3,900000.00,2021-02-01 17:44:55,0
17,1758,25,0,4,900000.00,2021-02-01 17:44:55,0
18,1759,25,0,1,900000.00,2021-02-01 17:44:55,0
18,1760,25,0,2,900000.00,2021-02-01 17:44:55,0
18,1761,25,0,3,900000.00,2021-02-01 17:44:55,0
18,1762,25,0,4,900000.00,2021-02-01 17:44:55,0
19,1763,25,0,1,900000.00,2021-02-01 17:44:55,0
19,1764,25,0,2,900000.00,2021-02-01 17:44:55,0
19,1765,25,0,3,900000.00,2021-02-01 17:44:55,0
19,1766,25,0,4,900000.00,2021-02-01 17:44:55,0
20,1767,25,0,1,1200000.00,2021-02-01 17:44:55,0
20,1768,25,0,2,1000000.00,2021-02-01 17:44:55,0
20,1769,25,0,3,1000000.00,2021-02-01 17:44:55,0
21,1770,25,0,1,900000.00,2021-02-01 17:44:55,0
21,1771,25,0,2,900000.00,2021-02-01 17:44:55,0
21,1772,25,0,3,840000.00,2021-02-01 17:44:55,0
21,1773,25,0,4,840000.00,2021-02-01 17:44:55,0
22,1774,25,0,1,1400000.00,2021-02-01 17:44:55,0
22,1775,25,0,2,1100000.00,2021-02-01 17:44:55,0
22,1776,25,0,3,1100000.00,2021-02-01 17:44:55,0
23,1777,25,0,1,1400000.00,2021-02-01 17:44:55,0
23,1778,25,0,2,1000000.00,2021-02-01 17:44:55,0
23,1779,25,0,3,1000000.00,2021-02-01 17:44:55,0
24,1780,25,0,1,1400000.00,2021-02-01 17:44:55,0
24,1781,25,0,2,1000000.00,2021-02-01 17:44:55,0
24,1782,25,0,3,1000000.00,2021-02-01 17:44:55,0
25,1783,25,0,1,1400000.00,2021-02-01 17:44:55,0
25,1784,25,0,2,1000000.00,2021-02-01 17:44:55,0
25,1785,25,0,3,1000000.00,2021-02-01 17:44:55,0
26,1786,25,0,1,1200000.00,2021-02-01 17:44:55,0
26,1787,25,0,2,1200000.00,2021-02-01 17:44:55,0
26,1788,25,0,3,1200000.00,2021-02-01 17:44:55,0
26,1789,25,0,4,1200000.00,2021-02-01 17:44:55,0
27,1790,25,0,1,800000.00,2021-02-01 17:44:55,0
28,1791,25,0,1,500000.00,2021-02-01 17:44:55,0
28,1792,25,0,2,500000.00,2021-02-01 17:44:55,0
29,1793,25,0,1,400000.00,2021-02-01 17:44:55,0
30,1794,25,0,1,400000.00,2021-02-01 17:44:55,0
31,1795,25,0,1,400000.00,2021-02-01 17:44:55,0
32,1796,25,0,1,400000.00,2021-02-01 17:44:55,0
33,1797,25,0,3,400000.00,2021-02-01 17:44:55,0
33,1798,25,0,4,400000.00,2021-02-01 17:44:55,0
34,1799,25,0,1,1200000.00,2021-02-01 17:44:55,0
34,1800,25,0,2,1000000.00,2021-02-01 17:44:55,0
34,1801,25,0,3,1000000.00,2021-02-01 17:44:55,0
41,1802,25,0,1,250000.00,2021-02-01 17:44:55,0
52,1803,25,0,1,900000.00,2021-02-01 17:44:55,0
52,1804,25,0,2,900000.00,2021-02-01 17:44:55,0
52,1805,25,0,3,900000.00,2021-02-01 17:44:55,0
52,1806,25,0,4,900000.00,2021-02-01 17:44:55,0
53,1807,25,0,1,1200000.00,2021-02-01 17:44:55,0
53,1808,25,0,2,1200000.00,2021-02-01 17:44:55,0
53,1809,25,0,3,1200000.00,2021-02-01 17:44:55,0
53,1810,25,0,4,1200000.00,2021-02-01 17:44:55,0
54,1811,25,0,1,1200000.00,2021-02-01 17:44:55,0
54,1812,25,0,2,1200000.00,2021-02-01 17:44:55,0
54,1813,25,0,3,1200000.00,2021-02-01 17:44:55,0
54,1814,25,0,4,1200000.00,2021-02-01 17:44:55,0
55,1815,25,0,1,800000.00,2021-02-01 17:44:55,0
65,1816,25,0,1,900000.00,2021-02-01 17:44:55,0
65,1817,25,0,2,900000.00,2021-02-01 17:44:55,0
65,1818,25,0,3,900000.00,2021-02-01 17:44:55,0
65,1819,25,0,4,900000.00,2021-02-01 17:44:55,0
2,1820,25,0,1,900000.00,2021-02-01 17:44:55,0
2,1821,25,0,2,900000.00,2021-02-01 17:44:55,0
2,1822,25,0,3,900000.00,2021-02-01 17:44:55,0
2,1823,25,0,4,900000.00,2021-02-01 17:44:55,0
3,1824,25,0,1,900000.00,2021-02-01 17:44:55,0
3,1825,25,0,2,900000.00,2021-02-01 17:44:55,0
3,1826,25,0,3,900000.00,2021-02-01 17:44:55,0
3,1827,25,0,4,900000.00,2021-02-01 17:44:55,0
4,1828,25,0,1,900000.00,2021-02-01 17:44:55,0
4,1829,25,0,2,900000.00,2021-02-01 17:44:55,0
4,1830,25,0,3,900000.00,2021-02-01 17:44:55,0
4,1831,25,0,4,900000.00,2021-02-01 17:44:55,0
50,1832,25,0,1,900000.00,2021-02-01 17:44:55,0
50,1833,25,0,2,900000.00,2021-02-01 17:44:55,0
50,1834,25,0,3,900000.00,2021-02-01 17:44:55,0
50,1835,25,0,4,900000.00,2021-02-01 17:44:55,0
0,1836,0,0,0,0.00,2021-08-19 16:05:07,0
1,1837,24,0,1,900000.00,2021-08-19 16:05:07,0
1,1838,24,0,2,900000.00,2021-08-19 16:05:07,0
1,1839,24,0,3,900000.00,2021-08-19 16:05:07,0
1,1840,24,0,4,900000.00,2021-08-19 16:05:07,0
5,1841,24,0,1,900000.00,2021-08-19 16:05:07,0
5,1842,24,0,2,900000.00,2021-08-19 16:05:07,0
5,1843,24,0,3,900000.00,2021-08-19 16:05:07,0
5,1844,24,0,4,900000.00,2021-08-19 16:05:07,0
6,1845,24,0,1,1200000.00,2021-08-19 16:05:07,0
6,1846,24,0,2,1000000.00,2021-08-19 16:05:07,0
6,1847,24,0,3,1000000.00,2021-08-19 16:05:07,0
9,1848,24,0,1,1400000.00,2021-08-19 16:05:07,0
9,1849,24,0,2,1100000.00,2021-08-19 16:05:07,0
9,1850,24,0,3,1100000.00,2021-08-19 16:05:07,0
10,1851,24,0,1,1400000.00,2021-08-19 16:05:07,0
10,1852,24,0,2,1000000.00,2021-08-19 16:05:07,0
10,1853,24,0,3,1000000.00,2021-08-19 16:05:07,0
11,1854,24,0,1,1400000.00,2021-08-19 16:05:07,0
11,1855,24,0,2,1000000.00,2021-08-19 16:05:07,0
11,1856,24,0,3,1000000.00,2021-08-19 16:05:07,0
12,1857,24,0,1,1400000.00,2021-08-19 16:05:07,0
12,1858,24,0,2,1000000.00,2021-08-19 16:05:07,0
12,1859,24,0,3,1000000.00,2021-08-19 16:05:07,0
13,1860,24,0,1,1400000.00,2021-08-19 16:05:07,0
13,1861,24,0,2,1000000.00,2021-08-19 16:05:07,0
13,1862,24,0,3,1000000.00,2021-08-19 16:05:07,0
14,1863,24,0,1,1400000.00,2021-08-19 16:05:07,0
14,1864,24,0,2,1000000.00,2021-08-19 16:05:07,0
14,1865,24,0,3,1000000.00,2021-08-19 16:05:07,0
15,1866,24,0,1,1400000.00,2021-08-19 16:05:07,0
15,1867,24,0,2,1000000.00,2021-08-19 16:05:07,0
15,1868,24,0,3,1000000.00,2021-08-19 16:05:07,0
16,1869,24,0,1,900000.00,2021-08-19 16:05:07,0
16,1870,24,0,2,900000.00,2021-08-19 16:05:07,0
16,1871,24,0,3,900000.00,2021-08-19 16:05:07,0
16,1872,24,0,4,900000.00,2021-08-19 16:05:07,0
17,1873,24,0,1,900000.00,2021-08-19 16:05:07,0
17,1874,24,0,2,900000.00,2021-08-19 16:05:07,0
17,1875,24,0,3,900000.00,2021-08-19 16:05:07,0
17,1876,24,0,4,900000.00,2021-08-19 16:05:07,0
18,1877,24,0,1,900000.00,2021-08-19 16:05:07,0
18,1878,24,0,2,900000.00,2021-08-19 16:05:07,0
18,1879,24,0,3,900000.00,2021-08-19 16:05:07,0
18,1880,24,0,4,900000.00,2021-08-19 16:05:07,0
19,1881,24,0,1,900000.00,2021-08-19 16:05:07,0
19,1882,24,0,2,900000.00,2021-08-19 16:05:07,0
19,1883,24,0,3,900000.00,2021-08-19 16:05:07,0
19,1884,24,0,4,900000.00,2021-08-19 16:05:07,0
20,1885,24,0,1,1200000.00,2021-08-19 16:05:07,0
20,1886,24,0,2,1000000.00,2021-08-19 16:05:07,0
20,1887,24,0,3,1000000.00,2021-08-19 16:05:07,0
21,1888,24,0,1,900000.00,2021-08-19 16:05:07,0
21,1889,24,0,2,900000.00,2021-08-19 16:05:07,0
21,1890,24,0,3,840000.00,2021-08-19 16:05:07,0
21,1891,24,0,4,840000.00,2021-08-19 16:05:07,0
22,1892,24,0,1,1400000.00,2021-08-19 16:05:07,0
22,1893,24,0,2,1100000.00,2021-08-19 16:05:07,0
22,1894,24,0,3,1100000.00,2021-08-19 16:05:07,0
23,1895,24,0,1,1400000.00,2021-08-19 16:05:07,0
23,1896,24,0,2,1000000.00,2021-08-19 16:05:07,0
23,1897,24,0,3,1000000.00,2021-08-19 16:05:07,0
24,1898,24,0,1,1400000.00,2021-08-19 16:05:07,0
24,1899,24,0,2,1000000.00,2021-08-19 16:05:07,0
24,1900,24,0,3,1000000.00,2021-08-19 16:05:07,0
25,1901,24,0,1,1400000.00,2021-08-19 16:05:07,0
25,1902,24,0,2,1000000.00,2021-08-19 16:05:07,0
25,1903,24,0,3,1000000.00,2021-08-19 16:05:07,0
26,1904,24,0,1,1200000.00,2021-08-19 16:05:07,0
26,1905,24,0,2,1200000.00,2021-08-19 16:05:07,0
26,1906,24,0,3,1200000.00,2021-08-19 16:05:07,0
26,1907,24,0,4,1200000.00,2021-08-19 16:05:07,0
27,1908,24,0,1,800000.00,2021-08-19 16:05:07,0
28,1909,24,0,1,500000.00,2021-08-19 16:05:07,0
28,1910,24,0,2,500000.00,2021-08-19 16:05:07,0
29,1911,24,0,1,400000.00,2021-08-19 16:05:07,0
30,1912,24,0,1,400000.00,2021-08-19 16:05:07,0
31,1913,24,0,1,400000.00,2021-08-19 16:05:07,0
32,1914,24,0,1,400000.00,2021-08-19 16:05:07,0
33,1915,24,0,3,400000.00,2021-08-19 16:05:07,0
33,1916,24,0,4,400000.00,2021-08-19 16:05:07,0
34,1917,24,0,1,1200000.00,2021-08-19 16:05:07,0
34,1918,24,0,2,1000000.00,2021-08-19 16:05:07,0
34,1919,24,0,3,1000000.00,2021-08-19 16:05:07,0
41,1920,24,0,1,250000.00,2021-08-19 16:05:07,0
52,1921,24,0,1,900000.00,2021-08-19 16:05:07,0
52,1922,24,0,2,900000.00,2021-08-19 16:05:07,0
52,1923,24,0,3,900000.00,2021-08-19 16:05:07,0
52,1924,24,0,4,900000.00,2021-08-19 16:05:07,0
53,1925,24,0,1,1200000.00,2021-08-19 16:05:07,0
53,1926,24,0,2,1200000.00,2021-08-19 16:05:07,0
53,1927,24,0,3,1200000.00,2021-08-19 16:05:07,0
53,1928,24,0,4,1200000.00,2021-08-19 16:05:07,0
54,1929,24,0,1,1200000.00,2021-08-19 16:05:07,0
54,1930,24,0,2,1200000.00,2021-08-19 16:05:07,0
54,1931,24,0,3,1200000.00,2021-08-19 16:05:07,0
54,1932,24,0,4,1200000.00,2021-08-19 16:05:07,0
55,1933,24,0,1,800000.00,2021-08-19 16:05:07,0
65,1934,24,0,1,900000.00,2021-08-19 16:05:07,0
65,1935,24,0,2,900000.00,2021-08-19 16:05:07,0
65,1936,24,0,3,900000.00,2021-08-19 16:05:07,0
65,1937,24,0,4,900000.00,2021-08-19 16:05:07,0
2,1938,24,0,1,900000.00,2021-08-19 16:05:07,0
2,1939,24,0,2,900000.00,2021-08-19 16:05:07,0
2,1940,24,0,3,900000.00,2021-08-19 16:05:07,0
2,1941,24,0,4,900000.00,2021-08-19 16:05:07,0
3,1942,24,0,1,900000.00,2021-08-19 16:05:07,0
3,1943,24,0,2,900000.00,2021-08-19 16:05:07,0
3,1944,24,0,3,900000.00,2021-08-19 16:05:07,0
3,1945,24,0,4,900000.00,2021-08-19 16:05:07,0
4,1946,24,0,1,900000.00,2021-08-19 16:05:07,0
4,1947,24,0,2,900000.00,2021-08-19 16:05:07,0
4,1948,24,0,3,900000.00,2021-08-19 16:05:07,0
4,1949,24,0,4,900000.00,2021-08-19 16:05:07,0
50,1950,24,0,1,900000.00,2021-08-19 16:05:07,0
50,1951,24,0,2,900000.00,2021-08-19 16:05:07,0
50,1952,24,0,3,900000.00,2021-08-19 16:05:07,0
50,1953,24,0,4,900000.00,2021-08-19 16:05:07,0

